id,opportunity_id,user_id,request_status,message,amount,created_at,updated_at,preferred_timeline,expiry,feedback,action_by,contact_status,is_active,is_viewed,deadline,status_notes,payment_status,completion_date,rating,review,notes,attachments,chat_id,offer_details,organizer_response,response_time,meeting_link,job_title,applicant_name,applicant_avatar,profession,experience,email,phone,skill_verification,gender,age,location,accept_time,reject_time,transaction_id,referrer,step_status,status_history,reminders_sent,last_viewed,acceptance_conditions,special_requirements
1,1,1,Requested,Interested in workshop,5000,2025-10-14 10:00,2025-10-14 10:00,2 weeks,2025-11-10,,Admin,Pending,Yes,No,2025-11-10,,Pending,, , , , , , , , , ,Alice Smith,avatar1.png,Photoshop,2,alice@example.com,9876543201,Verified,F,25,Bangalore,,,,,,, , , , 
2,2,2,Accepted,Excited to join,500,2025-10-14 11:00,2025-10-14 12:00,1 week,2025-11-05,,Admin,Accepted,Yes,Yes,2025-11-05,,Paid,2025-11-05,5,Great experience, , , , , , , , ,Bob Kumar,avatar2.png,Yoga,1,bob@example.com,9876543202,Verified,M,28,Bangalore,,,,,,, , , , 
3,3,3,Rejected,Not suitable timing,10000,2025-10-14 12:00,2025-10-14 12:30,3 weeks,2025-11-20,,Admin,Rejected,Yes,No,2025-11-20,,Refunded, , , , , , , , ,Carol Das,avatar3.png,Web Dev,3,carol@example.com,9876543203,Verified,F,27,Bangalore,,,,,,, , , , 
4,4,4,Requested,Looking forward,3000,2025-10-14 12:30,2025-10-14 12:30,2 weeks,2025-11-12,,Admin,Pending,Yes,No,2025-11-12,,Pending,, , , , , , , , ,David Lee,avatar4.png,Photography,2,david@example.com,9876543204,Verified,M,30,Bangalore,,,,,,, , , , 
5,5,5,Accepted,Excited to learn,8000,2025-10-14 13:00,2025-10-14 13:15,2 weeks,2025-11-15,,Admin,Accepted,Yes,Yes,2025-11-15,,Paid,2025-11-15,5,Very useful, , , , , , , , ,Emma Roy,avatar5.png,Graphic Design,4,emma@example.com,9876543205,Verified,F,26,Bangalore,,,,,,, , , , 
6,6,6,Requested,Interested,2000,2025-10-14 13:30,2025-10-14 13:30,1 week,2025-11-08,,Admin,Pending,Yes,No,2025-11-08,,Pending,, , , , , , , , ,Frank Chen,avatar6.png,Guitar,1,frank@example.com,9876543206,Verified,M,24,Bangalore,,,,,,, , , , 
7,7,7,Accepted,Looking forward,6000,2025-10-14 14:00,2025-10-14 14:15,2 weeks,2025-11-18,,Admin,Accepted,Yes,Yes,2025-11-18,,Paid,2025-11-18,5,Excited, , , , , , , , ,Grace Singh,avatar7.png,Cooking,3,grace@example.com,9876543207,Verified,F,29,Bangalore,,,,,,, , , , 
8,8,8,Requested,Interested,4000,2025-10-14 14:30,2025-10-14 14:30,2 weeks,2025-11-22,,Admin,Pending,Yes,No,2025-11-22,,Pending,, , , , , , , , ,Harry Patel,avatar8.png,Excel,2,harry@example.com,9876543208,Verified,M,31,Bangalore,,,,,,, , , , 
9,9,9,Requested,Excited to learn,12000,2025-10-14 15:00,2025-10-14 15:00,3 weeks,2025-11-25,,Admin,Pending,Yes,No,2025-11-25,,Pending,, , , , , , , , ,Isha Mehta,avatar9.png,AI/ML,3,isha@example.com,9876543209,Verified,F,27,Bangalore,,,,,,, , , , 
10,10,10,Rejected,Unavailable at this time,3500,2025-10-14 15:30,2025-10-14 15:45,2 weeks,2025-11-14,,Admin,Rejected,Yes,No,2025-11-14,,Refunded, , , , , , , , ,Jack Verma,avatar10.png,Voiceover,2,jack@example.com,9876543210,Verified,M,28,Bangalore,,,,,,, , , , 
11,1,11,Requested,Interested,5000,2025-10-14 16:00,2025-10-14 16:00,2 weeks,2025-11-10,,Admin,Pending,Yes,No,2025-11-10,,Pending,, , , , , , , , ,Kavita Rao,avatar11.png,Photoshop,3,kavita@example.com,9876543211,Verified,F,26,Bangalore,,,,,,, , , , 
12,2,12,Accepted,Looking forward,500,2025-10-14 16:30,2025-10-14 16:45,1 week,2025-11-05,,Admin,Accepted,Yes,Yes,2025-11-05,,Paid,2025-11-05,5,Great session, , , , , , , , ,Lalit Sharma,avatar12.png,Yoga,1,lalit@example.com,9876543212,Verified,M,27,Bangalore,,,,,,, , , , 
13,3,13,Requested,Excited,10000,2025-10-14 17:00,2025-10-14 17:00,3 weeks,2025-11-20,,Admin,Pending,Yes,No,2025-11-20,,Pending,, , , , , , , , ,Meera Nair,avatar13.png,Web Dev,3,meera@example.com,9876543213,Verified,F,29,Bangalore,,,,,,, , , , 
14,4,14,Accepted,Looking forward,3000,2025-10-14 17:30,2025-10-14 17:45,2 weeks,2025-11-12,,Admin,Accepted,Yes,Yes,2025-11-12,,Paid,2025-11-12,5,Very informative, , , , , , , , ,Nikhil Desai,avatar14.png,Photography,2,nikhil@example.com,9876543214,Verified,M,30,Bangalore,,,,,,, , , , 
15,5,15,Requested,Interested,8000,2025-10-14 18:00,2025-10-14 18:00,2 weeks,2025-11-15,,Admin,Pending,Yes,No,2025-11-15,,Pending,, , , , , , , , ,Olivia Singh,avatar15.png,Graphic Design,4,olivia@example.com,9876543215,Verified,F,26,Bangalore,,,,,,, , , , 
16,6,16,Accepted,Excited,2000,2025-10-14 18:30,2025-10-14 18:45,1 week,2025-11-08,,Admin,Accepted,Yes,Yes,2025-11-08,,Paid,2025-11-08,5,Great experience, , , , , , , , ,Pranav Kapoor,avatar16.png,Guitar,1,pranav@example.com,9876543216,Verified,M,24,Bangalore,,,,,,, , , , 
17,7,17,Requested,Looking forward,6000,2025-10-14 19:00,2025-10-14 19:00,2 weeks,2025-11-18,,Admin,Pending,Yes,No,2025-11-18,,Pending,, , , , , , , , ,Rhea Menon,avatar17.png,Cooking,3,rhea@example.com,9876543217,Verified,F,29,Bangalore,,,,,,, , , , 
18,8,18,Accepted,Excited,4000,2025-10-14 19:30,2025-10-14 19:45,2 weeks,2025-11-22,,Admin,Accepted,Yes,Yes,2025-11-22,,Paid,2025-11-22,5,Excellent, , , , , , , , ,Siddharth Jain,avatar18.png,Excel,2,siddharth@example.com,9876543218,Verified,M,31,Bangalore,,,,,,, , , , 
19,9,19,Requested,Excited to learn,12000,2025-10-14 20:00,2025-10-14 20:00,3 weeks,2025-11-25,,Admin,Pending,Yes,No,2025-11-25,,Pending,, , , , , , , , ,Tanvi Reddy,avatar19.png,AI/ML,3,tanvi@example.com,9876543219,Verified,F,27,Bangalore,,,,,,, , , , 
20,10,20,Rejected,Unavailable,3500,2025-10-14 20:30,2025-10-14 20:45,2 weeks,2025-11-14,,Admin,Rejected,Yes,No,2025-11-14,,Refunded, , , , , , , , ,Uday K,avatar20.png,Voiceover,2,uday@example.com,9876543220,Verified,M,28,Bangalore,,,,,,, , , , 

21,11,21,Requested,Want to learn digital marketing,7500,2025-10-15 09:00,2025-10-15 09:00,2 weeks,2025-11-16,,Admin,Pending,Yes,No,2025-11-16,,Pending,, , , , , , , , ,Vikram Gupta,avatar21.png,Digital Marketing,2,vikram@example.com,9876543221,Verified,M,29,Mumbai,,,,,,, , , , 
22,12,22,Accepted,Interested in data science,15000,2025-10-15 09:30,2025-10-15 09:45,3 weeks,2025-11-28,,Admin,Accepted,Yes,Yes,2025-11-28,,Paid,2025-11-28,5,Amazing course, , , , , , , , ,Wanda Iyer,avatar22.png,Data Science,4,wanda@example.com,9876543222,Verified,F,32,Mumbai,,,,,,, , , , 
23,13,23,Requested,Need help with public speaking,4500,2025-10-15 10:00,2025-10-15 10:00,1 week,2025-11-09,,Admin,Pending,Yes,No,2025-11-09,,Pending,, , , , , , , , ,Xander Shah,avatar23.png,Public Speaking,1,xander@example.com,9876543223,Verified,M,26,Mumbai,,,,,,, , , , 
24,14,24,Accepted,Excited for blockchain workshop,18000,2025-10-15 10:30,2025-10-15 10:45,4 weeks,2025-12-01,,Admin,Accepted,Yes,Yes,2025-12-01,,Paid,2025-12-01,5,Very detailed, , , , , , , , ,Yashika Agarwal,avatar24.png,Blockchain,3,yashika@example.com,9876543224,Verified,F,28,Mumbai,,,,,,, , , , 
25,15,25,Rejected,Schedule conflict,6000,2025-10-15 11:00,2025-10-15 11:15,2 weeks,2025-11-17,,Admin,Rejected,Yes,No,2025-11-17,,Refunded, , , , , , , , ,Zain Ahmed,avatar25.png,Video Editing,2,zain@example.com,9876543225,Verified,M,25,Mumbai,,,,,,, , , , 
26,16,26,Requested,Want to learn piano,3500,2025-10-15 11:30,2025-10-15 11:30,2 weeks,2025-11-18,,Admin,Pending,Yes,No,2025-11-18,,Pending,, , , , , , , , ,Arjun Pillai,avatar26.png,Piano,1,arjun@example.com,9876543226,Verified,M,23,Delhi,,,,,,, , , , 
27,17,27,Accepted,Interested in content writing,5500,2025-10-15 12:00,2025-10-15 12:15,2 weeks,2025-11-19,,Admin,Accepted,Yes,Yes,2025-11-19,,Paid,2025-11-19,5,Great mentor, , , , , , , , ,Bhavna Sood,avatar27.png,Content Writing,3,bhavna@example.com,9876543227,Verified,F,27,Delhi,,,,,,, , , , 
28,18,28,Requested,Need mobile app development help,20000,2025-10-15 12:30,2025-10-15 12:30,4 weeks,2025-12-05,,Admin,Pending,Yes,No,2025-12-05,,Pending,, , , , , , , , ,Chirag Bansal,avatar28.png,Mobile Dev,4,chirag@example.com,9876543228,Verified,M,31,Delhi,,,,,,, , , , 
29,19,29,Accepted,Excited for language class,2500,2025-10-15 13:00,2025-10-15 13:15,1 week,2025-11-07,,Admin,Accepted,Yes,Yes,2025-11-07,,Paid,2025-11-07,5,Excellent teacher, , , , , , , , ,Deepika Malhotra,avatar29.png,French,2,deepika@example.com,9876543229,Verified,F,24,Delhi,,,,,,, , , , 
30,20,30,Requested,Want to learn cybersecurity,16000,2025-10-15 13:30,2025-10-15 13:30,3 weeks,2025-11-30,,Admin,Pending,Yes,No,2025-11-30,,Pending,, , , , , , , , ,Eshan Tiwari,avatar30.png,Cybersecurity,3,eshan@example.com,9876543230,Verified,M,30,Delhi,,,,,,, , , , 
31,1,31,Accepted,Photoshop basics needed,5000,2025-10-15 14:00,2025-10-15 14:15,2 weeks,2025-11-10,,Admin,Accepted,Yes,Yes,2025-11-10,,Paid,2025-11-10,4,Good session, , , , , , , , ,Fatima Khan,avatar31.png,Photoshop,1,fatima@example.com,9876543231,Verified,F,22,Hyderabad,,,,,,, , , , 
32,21,32,Requested,Interior design consultation,8500,2025-10-15 14:30,2025-10-15 14:30,2 weeks,2025-11-20,,Admin,Pending,Yes,No,2025-11-20,,Pending,, , , , , , , , ,Gaurav Reddy,avatar32.png,Interior Design,3,gaurav@example.com,9876543232,Verified,M,29,Hyderabad,,,,,,, , , , 
33,22,33,Accepted,Fashion design workshop,9500,2025-10-15 15:00,2025-10-15 15:15,3 weeks,2025-11-25,,Admin,Accepted,Yes,Yes,2025-11-25,,Paid,2025-11-25,5,Creative session, , , , , , , , ,Hina Patel,avatar33.png,Fashion Design,2,hina@example.com,9876543233,Verified,F,26,Hyderabad,,,,,,, , , , 
34,23,34,Requested,Need accounting help,4000,2025-10-15 15:30,2025-10-15 15:30,1 week,2025-11-08,,Admin,Pending,Yes,No,2025-11-08,,Pending,, , , , , , , , ,Ishaan Joshi,avatar34.png,Accounting,2,ishaan@example.com,9876543234,Verified,M,28,Hyderabad,,,,,,, , , , 
35,24,35,Rejected,Time not suitable,11000,2025-10-15 16:00,2025-10-15 16:15,3 weeks,2025-11-28,,Admin,Rejected,Yes,No,2025-11-28,,Refunded, , , , , , , , ,Jyoti Sharma,avatar35.png,UX Design,4,jyoti@example.com,9876543235,Verified,F,31,Hyderabad,,,,,,, , , , 
36,25,36,Requested,Fitness training needed,3000,2025-10-15 16:30,2025-10-15 16:30,1 week,2025-11-09,,Admin,Pending,Yes,No,2025-11-09,,Pending,, , , , , , , , ,Karan Singh,avatar36.png,Fitness,2,karan@example.com,9876543236,Verified,M,27,Chennai,,,,,,, , , , 
37,26,37,Accepted,Dance class enrollment,2800,2025-10-15 17:00,2025-10-15 17:15,2 weeks,2025-11-12,,Admin,Accepted,Yes,Yes,2025-11-12,,Paid,2025-11-12,5,Fun sessions, , , , , , , , ,Lakshmi Raman,avatar37.png,Dance,1,lakshmi@example.com,9876543237,Verified,F,24,Chennai,,,,,,, , , , 
38,27,38,Requested,Need SEO guidance,6500,2025-10-15 17:30,2025-10-15 17:30,2 weeks,2025-11-15,,Admin,Pending,Yes,No,2025-11-15,,Pending,, , , , , , , , ,Manish Kumar,avatar38.png,SEO,3,manish@example.com,9876543238,Verified,M,30,Chennai,,,,,,, , , , 
39,28,39,Accepted,Photography workshop,7000,2025-10-15 18:00,2025-10-15 18:15,2 weeks,2025-11-18,,Admin,Accepted,Yes,Yes,2025-11-18,,Paid,2025-11-18,5,Great techniques, , , , , , , , ,Nandini Iyer,avatar39.png,Photography,2,nandini@example.com,9876543239,Verified,F,25,Chennai,,,,,,, , , , 
40,29,40,Requested,Voice training needed,4500,2025-10-15 18:30,2025-10-15 18:30,1 week,2025-11-10,,Admin,Pending,Yes,No,2025-11-10,,Pending,, , , , , , , , ,Omar Ali,avatar40.png,Voice Training,1,omar@example.com,9876543240,Verified,M,26,Chennai,,,,,,, , , , 
41,30,41,Accepted,Meditation class,1500,2025-10-15 19:00,2025-10-15 19:15,1 week,2025-11-06,,Admin,Accepted,Yes,Yes,2025-11-06,,Paid,2025-11-06,5,Very peaceful, , , , , , , , ,Priya Nair,avatar41.png,Meditation,1,priya@example.com,9876543241,Verified,F,28,Pune,,,,,,, , , , 
42,31,42,Requested,Need German language help,5500,2025-10-15 19:30,2025-10-15 19:30,3 weeks,2025-11-22,,Admin,Pending,Yes,No,2025-11-22,,Pending,, , , , , , , , ,Qasim Sheikh,avatar42.png,German,2,qasim@example.com,9876543242,Verified,M,29,Pune,,,,,,, , , , 
43,32,43,Accepted,Pottery workshop,3200,2025-10-15 20:00,2025-10-15 20:15,2 weeks,2025-11-14,,Admin,Accepted,Yes,Yes,2025-11-14,,Paid,2025-11-14,4,Creative experience, , , , , , , , ,Rashmi Desai,avatar43.png,Pottery,1,rashmi@example.com,9876543243,Verified,F,27,Pune,,,,,,, , , , 
44,33,44,Requested,Social media marketing,6800,2025-10-15 20:30,2025-10-15 20:30,2 weeks,2025-11-16,,Admin,Pending,Yes,No,2025-11-16,,Pending,, , , , , , , , ,Sameer Patil,avatar44.png,Social Media,3,sameer@example.com,9876543244,Verified,M,31,Pune,,,,,,, , , , 
45,34,45,Rejected,Budget constraints,12500,2025-10-15 21:00,2025-10-15 21:15,4 weeks,2025-12-02,,Admin,Rejected,Yes,No,2025-12-02,,Refunded, , , , , , , , ,Tanya Agarwal,avatar45.png,Cloud Computing,4,tanya@example.com,9876543245,Verified,F,30,Pune,,,,,,, , , , 
46,35,46,Requested,Calligraphy classes,2200,2025-10-15 21:30,2025-10-15 21:30,1 week,2025-11-07,,Admin,Pending,Yes,No,2025-11-07,,Pending,, , , , , , , , ,Umesh Yadav,avatar46.png,Calligraphy,1,umesh@example.com,9876543246,Verified,M,25,Kolkata,,,,,,, , , , 
47,36,47,Accepted,Violin lessons,4200,2025-10-15 22:00,2025-10-15 22:15,2 weeks,2025-11-13,,Admin,Accepted,Yes,Yes,2025-11-13,,Paid,2025-11-13,5,Excellent teacher, , , , , , , , ,Vandana Roy,avatar47.png,Violin,2,vandana@example.com,9876543247,Verified,F,26,Kolkata,,,,,,, , , , 
48,37,48,Requested,Need JavaScript help,8500,2025-10-15 22:30,2025-10-15 22:30,3 weeks,2025-11-24,,Admin,Pending,Yes,No,2025-11-24,,Pending,, , , , , , , , ,Wasim Khan,avatar48.png,JavaScript,3,wasim@example.com,9876543248,Verified,M,28,Kolkata,,,,,,, , , , 
49,38,49,Accepted,Baking workshop,3800,2025-10-15 23:00,2025-10-15 23:15,1 week,2025-11-08,,Admin,Accepted,Yes,Yes,2025-11-08,,Paid,2025-11-08,5,Delicious results, , , , , , , , ,Ximena Das,avatar49.png,Baking,2,ximena@example.com,9876543249,Verified,F,24,Kolkata,,,,,,, , , , 
50,39,50,Requested,Need career counseling,5000,2025-10-15 23:30,2025-10-15 23:30,1 week,2025-11-09,,Admin,Pending,Yes,No,2025-11-09,,Pending,, , , , , , , , ,Yuvraj Singh,avatar50.png,Career Counseling,4,yuvraj@example.com,9876543250,Verified,M,32,Kolkata,,,,,,, , , , 